MLA1150216401,Smart Tv Philips 7000 Series 55pud7406/77 Led 4k 55  110v/240v,123999,MLA-TELEVISIONS,Philips
MLA1148941757,Smart Tv Samsung Series 7 Un55au7000gczb Led 4k 55  220v - 240v,159999,MLA-TELEVISIONS,Samsung
MLA1109741535,Smart Tv Samsung Series 7 Un50au7000gczb Led 4k 50  220v - 240v,139999,MLA-TELEVISIONS,Samsung
MLA1319748628,Smart Tv Tcl L55c635 Qled 4k 55  220v,154999,MLA-TELEVISIONS,TCL
MLA1131372433,Smart Tv Philips 7000 Series 50pud7406/77 Led 4k 50  110v/240v,119999,MLA-TELEVISIONS,Philips
MLA1149169085,Smart Tv Bgh Led Uhd 4k Android Pne040263 220v,120999,MLA-TELEVISIONS,BGH
MLA1121199270,Smart Tv LG Ai Thinq 50up7750psb Lcd 4k 50  100v/240v,134899,MLA-TELEVISIONS,LG
MLA1347220322,Smart Tv LG Ai Thinq 43up7750psb Lcd 4k 43  100v/240v,90299,MLA-TELEVISIONS,LG
MLA1150190526,Smart Tv Philips 65pud7906/77 Led 4k 65  110v/240v,236999,MLA-TELEVISIONS,Philips
MLA1109813451,Smart Tv Samsung Series 7 Un43au7000gczb Led 4k 43  220v - 240v,124999,MLA-TELEVISIONS,Samsung
MLA1112790949,Smart Tv Samsung Series 6 Qn55q60aagczb Qled 4k 55  220v - 240v,167999,MLA-TELEVISIONS,Samsung
MLA1242349279,Smart Tv LG Ai Thinq 60up7750psb Lcd 4k 60  100v/240v,229999,MLA-TELEVISIONS,LG
MLA1259399353,Smart Tv Tcl L55p615 Led 4k 55  100v/240v,115999,MLA-TELEVISIONS,TCL
MLA1258884059,Smart Tv Tcl C72-series 50c725 Qled 4k 50  100v/240v,134999,MLA-TELEVISIONS,TCL
MLA1203108444, Smart Tv Noblex Db58x7500 58  Led 4k Android Tv,140999,MLA-TELEVISIONS,Noblex
MLA1170709294,Smart Tv Samsung Series 7 Un55au7000gxug Led 4k 55  100v/240v,144999,MLA-TELEVISIONS,Samsung
MLA1262147908,Smart Tv Samsung Crystal Uhd Un65bu8000gxzd Led 4k 65  100v/240v,299999,MLA-TELEVISIONS,Samsung
MLA1218486812,Smart Tv Marca Skyworth 55g3af Frameless Led 4k 55 Pulgadas Hdr 10 Android Tv Control Por Voz Google Assistant Chromecast Built-in,177499,MLA-TELEVISIONS,Skyworth
MLA1313218716,Smart Tv Hitachi Cdh-le504ksmart21-f Led 4k 50  220v,99999,MLA-TELEVISIONS,Hitachi
MLA1230825310,Smart Tv Samsung Neo Qled 4k Qn55qn85bagczb Qled 4k 55  220v - 240v,379999,MLA-TELEVISIONS,Samsung
MLA1121070640,Smart Tv Rca And50fxuhd Led 4k 50  100v/240v,102961,MLA-TELEVISIONS,RCA
MLA1283525094,Smart Tv Jvc Lt-50da7125 Led 4k 50  220v,114999,MLA-TELEVISIONS,JVC
MLA1150229470,Smart Tv Philips 55pud7906/77 Led 4k 55  110v/240v,159999,MLA-TELEVISIONS,Philips
MLA1205635843,Smart Tv Samsung Qn55q65bagxzd Qled 4k 55  100v/240v,269999,MLA-TELEVISIONS,Samsung
MLA1174474361,Smart Tv Philips 43 4k Uhd Android  Pud7407/77 110v-240v,91999,MLA-TELEVISIONS,Philips
MLA1233492118,Smart Tv Rca And55fxuhd Lcd 4k 55  220v - 240v,134999,MLA-TELEVISIONS,RCA
MLA1322670052,Smart Tv Bgh B5021uh6a Led 4k 50  220v,104999,MLA-TELEVISIONS,BGH
MLA1340417068,Smart Tv 50 Pulgadas 4k Ultra Hd 50uq8050psb - LG,140399,MLA-TELEVISIONS,LG
MLA1240290150,Smart Tv Noblex Dq50x9500pi Qled 4k 50'' Black Series Con Google Tv,142999,MLA-TELEVISIONS,Noblex
MLA1247996577,Smart Tv 55 Pulgadas 4k Ultra Hd Cdh-le554ksmart21 F - Hitachi,124591,MLA-TELEVISIONS,Hitachi
MLA1279595835,Smart Tv Feelnology F5022uk6 Led 4k 50  220v,89900,MLA-TELEVISIONS,Feelnology
MLA1315067968,Smart Tv Noblex Dr50x7550 Led 4k 50  220v,98810,MLA-TELEVISIONS,Noblex
MLA1112816552,Smart Tv Samsung Qled 55 4k Serie 6 Qn55q60aagczb Hdmi Wifi,167999,MLA-TELEVISIONS,Samsung
MLA1241316427,Tv Tcl Qled 55  4k C635 Uhd Google Tv Micro Dimming 120 Hz,154999,MLA-TELEVISIONS,TCL
MLA927162340,Smart Tv 50 Rca And50fxuhd Android Uhd 4k Youtube Netflix,127394.05,MLA-TELEVISIONS,RCA
MLA1154482990,Smart Tv Quint Qt1-50frame 4k 50  220v,96999,MLA-TELEVISIONS,Quint
MLA1297400217,Smart Noblex 50  91dk50x6550 4k Sistema Vidaa,119999,MLA-TELEVISIONS,Noblex
MLA1198286134,Smart Tv Noblex Dq55x9500pi Qled 4k 55'' Black Series Con Google Tv,159999,MLA-TELEVISIONS,Noblex
MLA1294663785,Smart Tv LG Ai Thinq 55nano80spa Led 4k 55  100v/240v,199999,MLA-TELEVISIONS,LG
MLA1259052986,Smart Tv Samsung Neo Qled 4k Qn43qn90bagczb Qled 4k 43  220v - 240v,304999,MLA-TELEVISIONS,Samsung
MLA1133869624,Televisor Bgh 50'' Android Tv Negro 4k Ultra Hd Control Voz,120999,MLA-TELEVISIONS,BGH
MLA1166863804,Smart Tv Tcl P725-series L50p725 Led 4k 50  220v - 240v,101799,MLA-TELEVISIONS,TCL
MLA1217052286,Smart Tv Noblex 55 Pulgadas Dk55x6550 4k Uhd ,153599,MLA-TELEVISIONS,Noblex
MLA1157630356,Smart Tv Tcl L55p715 Led 4k 55  220v,161248.75,MLA-TELEVISIONS,TCL
MLA1281239376,Tv Led 4k 50  Noblex Dk50x7500  Uhd Smart Netflix Tda,99999,MLA-TELEVISIONS,Noblex
MLA1120759249,Smart Tv Candy 55sv1200 Led 4k 55  110v/240v,107099,MLA-TELEVISIONS,Candy
MLA1298310685,Smart Tv Noblex Dk75x7500pi Led Hdr 4k 75'' Con Google Tv,309999,MLA-TELEVISIONS,Noblex
MLA1107817733,Smart Tv Samsung 2021 Un50au7000gczb Uhd 4k Tizen Led 50'',139999,MLA-TELEVISIONS,Samsung
MLA1128484823,Smart Tv 4k 55 Philips Ambilight 55pud7906 Android Hdr Cuota,220499,MLA-TELEVISIONS,Philips
MLA1160704649,Smart Tv Hyundai Hyled-50uhd5a 4k 50  220v,99999,MLA-TELEVISIONS,Hyundai
